{"cameraMode":{"drawMode":0,"name":"Shaded","section":"Shading Mode"},"sceneLighting":true,"audioPlay":false,"sceneViewState":{"showFog":true,"showMaterialUpdate":false,"showSkybox":true,"showFlares":true,"showImageEffects":true,"showParticleSystems":true},"in2DMode":false,"pivot":{"x":2.1591830253601076,"y":3.088596820831299,"z":-18.575599670410158},"rotation":{"x":0.07054632157087326,"y":0.6761256456375122,"z":-0.06535085290670395,"w":0.7305143475532532},"size":3.8894870281219484,"orthographic":false}